{
    "F1 macro avg": 0.999,
    "F1 weighted avg": 1.0,
    "class 0": 1.0,
    "class 1": 1.0,
    "class 10": 0.995,
    "class 2": 1.0,
    "class 3": 0.995,
    "class 4": 1.0,
    "class 5": 1.0,
    "class 6": 1.0,
    "class 7": 1.0,
    "class 8": 1.0,
    "class 9": 1.0,
    "inf_time/d_point": 6.562632719630422e-06,
    "train_time": 22.610435000000003
}